Workbook

Sheet Read me
A1: Battery pack product carbon footprint (cradle to gate)
A2: Example Battery Assembly GmbH (fictional), reporting period 2025
A4: Illustrative portfolio model with literature-style values. Not real company data.
A6: How to use
A7: Blue text = inputs you can edit (Inputs and PCF sheets). Black text = formulas.
A8: Change any blue value and every result updates automatically.
A10: Method
A11: Declared unit: one battery pack of each variant (S, M, L).
A12: Boundary: cradle to gate (materials, inbound transport, pack assembly). Use and end of life excluded.
A13: Impact: climate change, GWP100, kg CO2e, in line with ISO 14067.
A14: Site energy allocated to variants by total assembly time (volume x minutes per unit).
A16: Sheets
... A22: Frameworks: where each number feeds GHG Protocol, CSRD, TCFD and EU Taxonomy reporting

Sheet Inputs
A1: Inputs
A3: Site data | B3: Value | C3: Unit
A4: Reporting period | B4: 2025
A5: Site electricity | B5: 180000 | C5: kWh per year
A6: Site natural gas | B6: 40000 | C6: kWh per year
A7: Grid emission factor (location-based) | B7: 0.38 | C7: kg CO2e per kWh
A8: Natural gas emission factor | B8: 0.2 | C8: kg CO2e per kWh
A10: Variant | B10: Capacity (kWh) | C10: Annual volume (units) | D10: Assembly time (min per unit)
A11: S | B11: 0.5 | C11: 20000 | D11: 12
A12: M | B12: 1 | C12: 15000 | D12: 18
A13: L | B13: 2 | C13: 8000 | D13: 30

Sheet Allocation
A1: Site energy allocation by assembly time
A3: Variant | B3: Annual volume | C3: Assembly min per unit | D3: Total assembly time (min) | E3: Time share | F3: Electricity (kWh per unit) | G3: Natural gas (kWh per unit)
A4: =Inputs!A11 -> S | B4: =Inputs!C11 -> 20000 | C4: =Inputs!D11 -> 12 | D4: =B4*C4 -> 240000 | E4: =D4/SUM($D$4:$D$6) -> 0.32 | F4: =IF(B4=0,0,Inputs!$B$5*E4/B4) -> 2.88 | G4: =IF(B4=0,0,Inputs!$B$6*E4/B4) -> 0.64
A5: =Inputs!A12 -> M | B5: =Inputs!C12 -> 15000 | C5: =Inputs!D12 -> 18 | D5: =B5*C5 -> 270000 | E5: =D5/SUM($D$4:$D$6) -> 0.36 | F5: =IF(B5=0,0,Inputs!$B$5*E5/B5) -> 4.32 | G5: =IF(B5=0,0,Inputs!$B$6*E5/B5) -> 0.96
A6: =Inputs!A13 -> L | B6: =Inputs!C13 -> 8000 | C6: =Inputs!D13 -> 30 | D6: =B6*C6 -> 240000 | E6: =D6/SUM($D$4:$D$6) -> 0.32 | F6: =IF(B6=0,0,Inputs!$B$5*E6/B6) -> 7.2 | G6: =IF(B6=0,0,Inputs!$B$6*E6/B6) -> 1.6
A7: Total | D7: =SUM(D4:D6) -> 750000 | E7: =SUM(E4:E6) -> 1

Sheet PCF
A1: Product carbon footprint per pack (kg CO2e)
A3: Component | B3: Category | C3: GHG scope | D3: Data type | E3: Unit | F3: Emission factor (kg CO2e per unit) | G3: Factor source | H3: Amount S | I3: Amount M | J3: Amount L | K3: kg CO2e S | L3: kg CO2e M | M3: kg CO2e L
A4: Li-ion cells (NMC811) | B4: Battery cells | C4: Scope 3 Cat 1 | D4: Secondary | E4: kWh | F4: 75 | G4: Illustrative literature value; replace with supplier or Ecoinvent data | H4: 0.5 | I4: 1 | J4: 2 | K4: =$F4*H4 -> 37.5 | L4: =$F4*I4 -> 75 | M4: =$F4*J4 -> 150
A5: Battery management system (populated PCB) | B5: Electronics | C5: Scope 3 Cat 1 | D5: Secondary | E5: kg | F5: 100 | G5: Illustrative Ecoinvent-type value for populated PCB | H5: 0.08 | I5: 0.1 | J5: 0.12 | K5: =$F5*H5 -> 8 | L5: =$F5*I5 -> 10 | M5: =$F5*J5 -> 12
A6: Busbars and nickel strips | B6: Metals | C6: Scope 3 Cat 1 | D6: Secondary | E6: kg | F6: 6 | G6: Illustrative copper/nickel mix | H6: 0.15 | I6: 0.25 | J6: 0.45 | K6: =$F6*H6 -> 0.9 | L6: =$F6*I6 -> 1.5 | M6: =$F6*J6 -> 2.7
A7: Housing (primary aluminium) | B7: Housing | C7: Scope 3 Cat 1 | D7: Secondary | E7: kg | F7: 12 | G7: Illustrative primary aluminium | H7: 0.8 | I7: 1.2 | J7: 2 | K7: =$F7*H7 -> 9.6 | L7: =$F7*I7 -> 14.4 | M7: =$F7*J7 -> 24
A8: Cell holders and insulation (PC/ABS) | B8: Plastics | C8: Scope 3 Cat 1 | D8: Secondary | E8: kg | F8: 3.5 | G8: Illustrative engineering plastics | H8: 0.3 | I8: 0.5 | J8: 0.8 | K8: =$F8*H8 -> 1.05 | L8: =$F8*I8 -> 1.75 | M8: =$F8*J8 -> 2.8
A9: Thermal pads and adhesive | B9: Plastics | C9: Scope 3 Cat 1 | D9: Secondary | E9: kg | F9: 5 | G9: Illustrative silicone/adhesive | H9: 0.05 | I9: 0.08 | J9: 0.15 | K9: =$F9*H9 -> 0.25 | L9: =$F9*I9 -> 0.4 | M9: =$F9*J9 -> 0.75
A10: Cables and connectors | B10: Metals | C10: Scope 3 Cat 1 | D10: Secondary | E10: kg | F10: 5 | G10: Illustrative copper cable | H10: 0.2 | I10: 0.25 | J10: 0.35 | K10: =$F10*H10 -> 1 | L10: =$F10*I10 -> 1.25 | M10: =$F10*J10 -> 1.75
A11: Packaging (cardboard) | B11: Packaging | C11: Scope 3 Cat 1 | D11: Secondary | E11: kg | F11: 1 | G11: Illustrative corrugated board | H11: 0.5 | I11: 0.7 | J11: 1 | K11: =$F11*H11 -> 0.5 | L11: =$F11*I11 -> 0.7 | M11: =$F11*J11 -> 1
A12: Inbound transport (sea + truck) | B12: Transport | C12: Scope 3 Cat 4 | D12: Secondary | E12: tkm | F12: 0.02 | G12: Illustrative blended sea/road freight | H12: 42 | I12: 78 | J12: 150 | K12: =$F12*H12 -> 0.84 | L12: =$F12*I12 -> 1.56 | M12: =$F12*J12 -> 3
A13: Assembly electricity (allocated) | B13: Assembly energy | C13: Scope 2 | D13: Primary | E13: kWh | F13: =Inputs!$B$7 -> 0.38 | G13: Location-based grid factor | H13: =Allocation!F4 -> 2.88 | I13: =Allocation!F5 -> 4.32 | J13: =Allocation!F6 -> 7.2 | K13: =$F13*H13 -> 1.0944 | L13: =$F13*I13 -> 1.6416 | M13: =$F13*J13 -> 2.736
A14: Assembly heating, natural gas (allocated) | B14: Assembly energy | C14: Scope 1 | D14: Primary | E14: kWh | F14: =Inputs!$B$8 -> 0.2 | G14: Natural gas combustion factor | H14: =Allocation!G4 -> 0.64 | I14: =Allocation!G5 -> 0.96 | J14: =Allocation!G6 -> 1.6 | K14: =$F14*H14 -> 0.128 | L14: =$F14*I14 -> 0.192 | M14: =$F14*J14 -> 0.32
A16: Total PCF (kg CO2e per pack) | K16: =SUM(K4:K14) -> 60.8624 | L16: =SUM(L4:L14) -> 108.3936 | M16: =SUM(M4:M14) -> 201.056
A17: Pack capacity (kWh) | K17: =Inputs!B11 -> 0.5 | L17: =Inputs!B12 -> 1 | M17: =Inputs!B13 -> 2
A18: PCF per kWh capacity (kg CO2e per kWh) | K18: =IF(K17=0,0,K16/K17) -> 121.7248 | L18: =IF(L17=0,0,L16/L17) -> 108.3936 | M18: =IF(M17=0,0,M16/M17) -> 100.528
A19: Battery cell share of PCF | K19: =IF(K16=0,0,SUMIF($B$4:$B$14,"Battery cells",K4:K14)/K16) -> 0.61614396 | L19: =IF(L16=0,0,SUMIF($B$4:$B$14,"Battery cells",L4:L14)/L16) -> 0.69192277 | M19: =IF(M16=0,0,SUMIF($B$4:$B$14,"Battery cells",M4:M14)/M16) -> 0.7460608

Sheet Summary
A1: Hotspots by category (kg CO2e per pack)
A3: Category | B3: Pack S | C3: Pack M | D3: Pack L | E3: Share S | F3: Share M | G3: Share L
A4: Battery cells | B4: =SUMIF(PCF!$B$4:$B$14,$A4,PCF!K$4:K$14) -> 37.5 | C4: =SUMIF(PCF!$B$4:$B$14,$A4,PCF!L$4:L$14) -> 75 | D4: =SUMIF(PCF!$B$4:$B$14,$A4,PCF!M$4:M$14) -> 150 | E4: =IF(PCF!K$16=0,0,B4/PCF!K$16) -> 0.61614396 | F4: =IF(PCF!L$16=0,0,C4/PCF!L$16) -> 0.69192277 | G4: =IF(PCF!M$16=0,0,D4/PCF!M$16) -> 0.7460608
A5: Electronics | B5: =SUMIF(PCF!$B$4:$B$14,$A5,PCF!K$4:K$14) -> 8 | C5: =SUMIF(PCF!$B$4:$B$14,$A5,PCF!L$4:L$14) -> 10 | D5: =SUMIF(PCF!$B$4:$B$14,$A5,PCF!M$4:M$14) -> 12 | E5: =IF(PCF!K$16=0,0,B5/PCF!K$16) -> 0.13144404 | F5: =IF(PCF!L$16=0,0,C5/PCF!L$16) -> 0.092256369 | G5: =IF(PCF!M$16=0,0,D5/PCF!M$16) -> 0.059684864
A6: Metals | B6: =SUMIF(PCF!$B$4:$B$14,$A6,PCF!K$4:K$14) -> 1.9 | C6: =SUMIF(PCF!$B$4:$B$14,$A6,PCF!L$4:L$14) -> 2.75 | D6: =SUMIF(PCF!$B$4:$B$14,$A6,PCF!M$4:M$14) -> 4.45 | E6: =IF(PCF!K$16=0,0,B6/PCF!K$16) -> 0.031217961 | F6: =IF(PCF!L$16=0,0,C6/PCF!L$16) -> 0.025370502 | G6: =IF(PCF!M$16=0,0,D6/PCF!M$16) -> 0.022133137
A7: Housing | B7: =SUMIF(PCF!$B$4:$B$14,$A7,PCF!K$4:K$14) -> 9.6 | C7: =SUMIF(PCF!$B$4:$B$14,$A7,PCF!L$4:L$14) -> 14.4 | D7: =SUMIF(PCF!$B$4:$B$14,$A7,PCF!M$4:M$14) -> 24 | E7: =IF(PCF!K$16=0,0,B7/PCF!K$16) -> 0.15773285 | F7: =IF(PCF!L$16=0,0,C7/PCF!L$16) -> 0.13284917 | G7: =IF(PCF!M$16=0,0,D7/PCF!M$16) -> 0.11936973
A8: Plastics | B8: =SUMIF(PCF!$B$4:$B$14,$A8,PCF!K$4:K$14) -> 1.3 | C8: =SUMIF(PCF!$B$4:$B$14,$A8,PCF!L$4:L$14) -> 2.15 | D8: =SUMIF(PCF!$B$4:$B$14,$A8,PCF!M$4:M$14) -> 3.55 | E8: =IF(PCF!K$16=0,0,B8/PCF!K$16) -> 0.021359657 | F8: =IF(PCF!L$16=0,0,C8/PCF!L$16) -> 0.019835119 | G8: =IF(PCF!M$16=0,0,D8/PCF!M$16) -> 0.017656772
A9: Packaging | B9: =SUMIF(PCF!$B$4:$B$14,$A9,PCF!K$4:K$14) -> 0.5 | C9: =SUMIF(PCF!$B$4:$B$14,$A9,PCF!L$4:L$14) -> 0.7 | D9: =SUMIF(PCF!$B$4:$B$14,$A9,PCF!M$4:M$14) -> 1 | E9: =IF(PCF!K$16=0,0,B9/PCF!K$16) -> 0.0082152528 | F9: =IF(PCF!L$16=0,0,C9/PCF!L$16) -> 0.0064579459 | G9: =IF(PCF!M$16=0,0,D9/PCF!M$16) -> 0.0049737387
A10: Transport | B10: =SUMIF(PCF!$B$4:$B$14,$A10,PCF!K$4:K$14) -> 0.84 | C10: =SUMIF(PCF!$B$4:$B$14,$A10,PCF!L$4:L$14) -> 1.56 | D10: =SUMIF(PCF!$B$4:$B$14,$A10,PCF!M$4:M$14) -> 3 | E10: =IF(PCF!K$16=0,0,B10/PCF!K$16) -> 0.013801625 | F10: =IF(PCF!L$16=0,0,C10/PCF!L$16) -> 0.014391994 | G10: =IF(PCF!M$16=0,0,D10/PCF!M$16) -> 0.014921216
A11: Assembly energy | B11: =SUMIF(PCF!$B$4:$B$14,$A11,PCF!K$4:K$14) -> 1.2224 | C11: =SUMIF(PCF!$B$4:$B$14,$A11,PCF!L$4:L$14) -> 1.8336 | D11: =SUMIF(PCF!$B$4:$B$14,$A11,PCF!M$4:M$14) -> 3.056 | E11: =IF(PCF!K$16=0,0,B11/PCF!K$16) -> 0.02008465 | F11: =IF(PCF!L$16=0,0,C11/PCF!L$16) -> 0.016916128 | G11: =IF(PCF!M$16=0,0,D11/PCF!M$16) -> 0.015199745
A12: Total | B12: =SUM(B4:B11) -> 60.8624 | C12: =SUM(C4:C11) -> 108.3936 | D12: =SUM(D4:D11) -> 201.056

Sheet Corporate GHG
A1: Annual GHG inventory roll-up, 2025 (illustrative)
A3: GHG scope | B3: Per unit S (kg CO2e) | C3: Per unit M (kg CO2e) | D3: Per unit L (kg CO2e) | E3: Annual total (t CO2e) | F3: Share
A4: Scope 1 | B4: =SUMIF(PCF!$C$4:$C$14,$A4,PCF!K$4:K$14) -> 0.128 | C4: =SUMIF(PCF!$C$4:$C$14,$A4,PCF!L$4:L$14) -> 0.192 | D4: =SUMIF(PCF!$C$4:$C$14,$A4,PCF!M$4:M$14) -> 0.32 | E4: =(B4*Inputs!$C$11+C4*Inputs!$C$12+D4*Inputs!$C$13)/1000 -> 8 | F4: =IF($E$8=0,0,E4/$E$8) -> 0.0017971067
A5: Scope 2 | B5: =SUMIF(PCF!$C$4:$C$14,$A5,PCF!K$4:K$14) -> 1.0944 | C5: =SUMIF(PCF!$C$4:$C$14,$A5,PCF!L$4:L$14) -> 1.6416 | D5: =SUMIF(PCF!$C$4:$C$14,$A5,PCF!M$4:M$14) -> 2.736 | E5: =(B5*Inputs!$C$11+C5*Inputs!$C$12+D5*Inputs!$C$13)/1000 -> 68.4 | F5: =IF($E$8=0,0,E5/$E$8) -> 0.015365262
A6: Scope 3 Cat 1 | B6: =SUMIF(PCF!$C$4:$C$14,$A6,PCF!K$4:K$14) -> 58.8 | C6: =SUMIF(PCF!$C$4:$C$14,$A6,PCF!L$4:L$14) -> 105 | D6: =SUMIF(PCF!$C$4:$C$14,$A6,PCF!M$4:M$14) -> 195 | E6: =(B6*Inputs!$C$11+C6*Inputs!$C$12+D6*Inputs!$C$13)/1000 -> 4311 | F6: =IF($E$8=0,0,E6/$E$8) -> 0.96841585
A7: Scope 3 Cat 4 | B7: =SUMIF(PCF!$C$4:$C$14,$A7,PCF!K$4:K$14) -> 0.84 | C7: =SUMIF(PCF!$C$4:$C$14,$A7,PCF!L$4:L$14) -> 1.56 | D7: =SUMIF(PCF!$C$4:$C$14,$A7,PCF!M$4:M$14) -> 3 | E7: =(B7*Inputs!$C$11+C7*Inputs!$C$12+D7*Inputs!$C$13)/1000 -> 64.2 | F7: =IF($E$8=0,0,E7/$E$8) -> 0.014421781
A8: Total | E8: =SUM(E4:E7) -> 4451.6
A10: Battery capacity produced (MWh) | E10: =(Inputs!B11*Inputs!C11+Inputs!B12*Inputs!C12+Inputs!B13*Inputs!C13)/1000 -> 41
A11: GHG intensity (kg CO2e per kWh produced) | E11: =IF(E10=0,0,E8/E10) -> 108.57561
A12: Check: Scope 1 from site gas (t CO2e) | E12: =Inputs!B6*Inputs!B8/1000 -> 8
A13: Check: Scope 2 from site electricity (t CO2e) | E13: =Inputs!B5*Inputs!B7/1000 -> 68.4
A15: The two checks should match the Scope 1 and Scope 2 totals above, which proves the allocation is complete.

Sheet Frameworks
A1: Where each result feeds reporting frameworks (simplified learning overview)
A3: Result | B3: GHG Protocol | C3: CSRD (ESRS E1) | D3: TCFD | E3: EU Taxonomy | F3: Transition risk angle
A4: Scope 1 (site gas) | B4: Corporate Standard, Scope 1 | C4: E1-6 gross Scope 1 | D4: Metrics and targets | F4: Carbon pricing on heating fuels (planned EU ETS2) raises gas costs
A5: Scope 2 (site electricity) | B5: Scope 2 Guidance: location and market-based | C5: E1-6 Scope 2, both methods | D5: Metrics and targets | F5: Electricity prices; renewable PPAs as a lever
A6: Scope 3 Cat 1 (purchased goods) | B6: Scope 3 Standard, Category 1 | C6: E1-6 significant Scope 3 categories | D6: Metrics (Scope 3 where material) | F6: Supplier emissions dominate; customers request low-carbon cells
A7: Scope 3 Cat 4 (inbound transport) | B7: Scope 3 Standard, Category 4 | C7: E1-6 Scope 3 | D7: Metrics | F7: Freight decarbonisation and fuel costs
A8: PCF per pack | B8: Product Standard / ISO 14067 | C8: Supports E1 transition plan and targets | D8: Strategy | E8: Activity 3.4 Manufacture of batteries | F8: EU Battery Regulation carbon footprint declarations for certain battery categories
A9: GHG intensity | C9: E1-6 intensity is per net revenue; per kWh is an extra product metric | D9: Metrics | F9: Benchmarking against competitors and customers' targets
A10: Aluminium housing | B10: Scope 3 Cat 1 | D10: Risk management | F10: CBAM covers aluminium imports; recycled aluminium reduces cost and footprint exposure
A12: Note: CSRD scope and timelines were revised by the EU Omnibus simplification. Always check the latest regulatory text.
